Key,Text,Note
jump.ready.title,점프 점프!,점프점프 - 시작 화면 제목
jump.ready.body,가장 높은곳으로 올라가보세요!,점프점프 - 시작 화면 설명
jump.ready.hint,터치하면 시작합니다.!,점프점프 - 시작 화면 아래 안내
jump.over.title,GAME OVER,점프점프 - 종료 화면 제목
jump.over.body,{reason}\n\n점수   {score}\n높이  {height}m\n최고점수    {best},점프점프 - 종료 화면 본문
jump.over.hint,터치하여 다시하기,점프점프 - 종료 화면 아래 안내
jump.over.fell,캐릭터가 떨어졌어요!,점프점프 - 떨어져서 끝났을 때
jump.over.timeup,TIME OVER,점프점프 - 시간이 다 됐을 때
jump.hud.score,점수 : {score},점프점프 - 화면 왼쪽 위
jump.hud.height,높이 : {height}m,점프점프 - 화면 오른쪽 위
jump.hud.combo,COMBO {combo}   x{multiplier},점프점프 - 콤보 2 이상일 때만 나옴
archery.ready.title,활쏘기,활쏘기 - 시작 화면 제목
archery.ready.body,과녁을 맞춰서 높은 점수를 획득하세요!,활쏘기 - 시작 화면 설명
archery.ready.hint,터치하면 시작합니다.!,활쏘기 - 시작 화면 아래 안내
archery.over.title,GAME OVER,활쏘기 - 종료 화면 제목
archery.over.body,{reason}\n\n점수     {score} PT\n명중      {hits} / {shots}\n명중률  {accuracy}%\n최고점수      {best} PT,활쏘기 - 종료 화면 본문
archery.over.hint,터치하여 다시하기,활쏘기 - 종료 화면 아래 안내
archery.over.noammo,화살이 다 떨어졌어요!,활쏘기 - 화살이 다 떨어졌을 때
archery.hud.score,점수 : {score} PT,활쏘기 - 오른쪽 위 점수
archery.hud.best,최고점수 : {best} PT,활쏘기 - 오른쪽 위 최고 점수
archery.hud.target,과녁크기 {size}%,활쏘기 - 왼쪽 위 과녁 크기
archery.hud.ammo,남은 화살 {ammo}/{ammoMax},활쏘기 - 왼쪽 아래 남은 화살
archery.hit.popup,+{point} PT,활쏘기 - 맞혔을 때 과녁 아래 잠깐 뜨는 글자
,,
# 랭킹 · 별명 (2026-09-09),,
rank.title,랭킹,랭킹 창 - 제목
rank.loading,불러오는 중...,랭킹 창 - 기다리는 동안
rank.empty,아직 기록이 없습니다,랭킹 창 - 아무도 없을 때
rank.failed,랭킹을 불러오지 못했습니다,랭킹 창 - 인터넷이 안 될 때
rank.place,{rank},랭킹 창 - 순위 숫자. 뒤에 '위'를 붙이려면 {rank}위
rank.me,내 순위 {rank}위   {score},랭킹 창 - 맨 아래 내 기록
rank.me.none,아직 내 기록이 없습니다,랭킹 창 - 내가 아직 안 올렸을 때
nick.title,별명을 정해 주세요,별명 창 - 제목
nick.hint,최대 {max}글자 · 다른 사람과 같을 수 없습니다,별명 창 - 안내
nick.placeholder,별명,별명 창 - 빈 칸에 옅게 보이는 글자
nick.checking,확인하는 중...,별명 창 - 서버에 물어보는 동안
nick.empty,별명을 입력해 주세요,별명 창 - 빈 채로 확인을 눌렀을 때
nick.taken,이미 있는 별명입니다,별명 창 - 남이 쓰고 있을 때
nick.failed,지금은 등록할 수 없습니다,별명 창 - 확인하지 못했을 때
,,
# 별명 바꾸기 · 금지어 (2026-09-11),,
nick.title.change,새 별명을 정해 주세요,별명 창 - 설정의 [별명 바꾸기] 로 열었을 때 제목
nick.bad,쓸 수 없는 말이 들어 있습니다,별명 창 - 금지어(badword.csv)에 걸렸을 때
nick.invalid,쓸 수 없는 별명입니다,별명 창 - 점(.) 하나처럼 저장할 수 없는 이름일 때
settings.nick,내 별명 : {nick},설정 창 - 지금 별명
settings.nick.none,아직 별명이 없습니다,설정 창 - 별명을 정한 적이 없을 때
settings.nick.change,별명 바꾸기,설정 창 - 별명 바꾸기 버튼 위 글자
,,
# 랭킹 창 게임 이름 · 치트 (2026-09-11 수정사항_03),,
game.jumpjump.name,점프점프,랭킹 창 - 랭킹 글자 아래 게임 이름
game.archery.name,활쏘기,랭킹 창 - 랭킹 글자 아래 게임 이름
cheat.reset.title,모든 데이터 초기화,치트 - 초기화 창 제목
cheat.reset.body,최고 점수 · 판 수 · 별명 · 랭킹 기록을\n전부 지웁니다. 되돌릴 수 없습니다.,치트 - 초기화 창 설명
cheat.reset.working,지우는 중...,치트 - 지우는 동안
cheat.reset.done,다 지웠습니다. 처음 화면으로 갑니다.,치트 - 다 지웠을 때
cheat.reset.partial,폰 안 기록만 지웠습니다 (서버에 닿지 못함),치트 - 인터넷이 안 될 때
,,
# 검 강화 (2026-09-11 · 게임 3번),,
game.enchant.name,검 강화,랭킹 창 - 랭킹 글자 아래 게임 이름
game.enchant.score,+{score},랭킹 창 - 검 강화의 점수 모양 (점수가 곧 강화 수치라서 +23 처럼)
enchant.hud.level,+{level},검 강화 - 왼쪽 위 동그라미 안 강화 수치
enchant.hud.best,최고 +{best},검 강화 - 동그라미 아래 최고 기록
enchant.hud.chance,+{next} 강화 성공 확률 {prob}%,검 강화 - 검 아래 확률 줄
enchant.hud.max,더 이상 강화할 수 없습니다,검 강화 - 표의 확률이 0 인 최고 단계일 때
enchant.btn.normal,일반 강화,검 강화 - 왼쪽 아래 버튼 (2026-09-13 부터 버튼 그림에 글자가 그려져 있어 화면에는 안 나옴)
enchant.btn.normal.sub,실패하면 파괴,검 강화 - 일반 강화 버튼 아래 작은 글자 (지금은 그림에 그려져 있어 안 나옴)
enchant.btn.safe,안전 강화,검 강화 - 오른쪽 아래 버튼 (지금은 그림에 그려져 있어 안 나옴)
enchant.btn.safe.sub,{count},검 강화 - 안전 강화 버튼 그림의 "주문서 x" 뒤에 들어가는 숫자 (가진 주문서 수)
enchant.btn.melt,분해,검 강화 - 가운데 버튼 (지금은 그림에 그려져 있어 안 나옴)
enchant.btn.melt.on,주문서 +{count},검 강화 - 분해할 수 있을 때 받는 주문서 수
enchant.btn.melt.off,+{level}부터 가능,검 강화 - 아직 분해할 수 없을 때
enchant.working,강화 중...,검 강화 - 결과를 기다리는 동안
enchant.result.success,성공!,검 강화 - 강화 성공
enchant.result.safefail,실패! 검은 무사합니다,검 강화 - 안전 강화 실패
enchant.result.melt,안전 강화 주문서 +{count},검 강화 - 분해해서 주문서를 받았을 때
enchant.result.meltempty,주문서가 나오지 않았습니다,검 강화 - 분해했지만 못 받았을 때 (표에 Melt_Prob 열을 넣었을 때만)
enchant.broken.title,파괴!,검 강화 - 검이 부서졌을 때 제목
enchant.broken.body,+{level} 검이 부서졌습니다\n\n최고 기록  +{best},검 강화 - 부서졌을 때 설명
enchant.broken.button,새 검 받기,검 강화 - 부서진 뒤 버튼
enchant.melt.title,분해하시겠습니까?,검 강화 - 분해 확인 창 제목
enchant.melt.ask,+{level} 검이 사라지고\n안전 강화 주문서 {count}장을 받습니다,검 강화 - 분해 확인 창 설명
enchant.over.broken,파괴,검 강화 - 랭킹 기록용 사유 (화면에는 안 나옴)
enchant.over.melt,분해,검 강화 - 랭킹 기록용 사유 (화면에는 안 나옴)
